insert INTO candidato (id, cognome, viaresidenza, capresidenza, cittaresidenza, datanascita, luogonascita) VALUES
					(54376, 'gonchar','torreamando', '87690', 'italiano', '1986-04-08', 'ariano irpino' ),
                    (84345, 'molinario','calvario', '87290', 'italiano', '1975-05-15', 'milano' ),
					(56386, 'molinario','calvario', '87290', 'italiano', '1975-05-15', 'milano' );
                    
                    
			
                                        
                        insert INTO attivita (id, mansione) VALUES
											(123, 'inginere'),
                                            (124, 'cuoco'),
                                            (125, 'dottore'),	
                                            (126, 'hostes');
                                            
						insert INTO titolostudio (id, descrizione) VALUES 
														(43628, 'meccanica'),
                                                        (65433, 'ingeneria'),
                                                        (64793, 'medicina');
                                                        
						insert INTO istruzione (codice, candidato, titolo, voto, data, istituto) VALUES 
											(234571, 54376, 43628, '110', '2009-12-11', 'salerno'),
                                            (347671, 84345, 65433, '80', '2004-08-20', 'mecavio'),
											(987590, 56386, 64793, '100', '2014-06-15', 'medico'),
                                            (876090, 54376, 64793, '100', '2014-06-15', 'hgkuyho');
                               
                            insert INTO telefono (numero, candidato) VALUES
											('0987654535',54376),
                                            ('0999456754',84345),
                                            ('0956784356',56386);
                                                         
                                            